{"cameraMode":{"drawMode":0,"name":"Shaded","section":"Shading Mode"},"sceneLighting":false,"audioPlay":false,"sceneViewState":{"showFog":true,"showMaterialUpdate":true,"showSkybox":true,"showFlares":true,"showImageEffects":true,"showParticleSystems":true},"in2DMode":false,"pivot":{"x":7.318258762359619,"y":34.071739196777347,"z":8.796159744262696},"rotation":{"x":0.0696769505739212,"y":-0.17300264537334443,"z":0.0122705502435565,"w":0.9823770523071289},"size":22.838428497314454,"orthographic":false}