{"cameraMode":{"drawMode":0,"name":"Shaded","section":"Shading Mode"},"sceneLighting":false,"audioPlay":false,"sceneViewState":{"showFog":true,"showMaterialUpdate":true,"showSkybox":true,"showFlares":true,"showImageEffects":true,"showParticleSystems":true},"in2DMode":false,"pivot":{"x":-81.13404846191406,"y":56.76669692993164,"z":130.60865783691407},"rotation":{"x":-0.07968605309724808,"y":-0.39719492197036745,"z":0.03464370593428612,"w":-0.9136115908622742},"size":38.59783935546875,"orthographic":false}