{"cameraMode":{"drawMode":0,"name":"Shaded","section":"Shading Mode"},"sceneLighting":false,"audioPlay":false,"sceneViewState":{"showFog":true,"showMaterialUpdate":true,"showSkybox":false,"showFlares":true,"showImageEffects":true,"showParticleSystems":true},"in2DMode":false,"pivot":{"x":-12.690185546875,"y":-117.12103271484375,"z":89.33305358886719},"rotation":{"x":0.11266881972551346,"y":0.7513008713722229,"z":0.13298460841178895,"w":-0.6365280747413635},"size":1596.59326171875,"orthographic":false}