{"cameraMode":{"drawMode":0,"name":"Shaded","section":"Shading Mode"},"sceneLighting":false,"audioPlay":false,"sceneViewState":{"showFog":true,"showMaterialUpdate":true,"showSkybox":true,"showFlares":true,"showImageEffects":true,"showParticleSystems":true},"in2DMode":false,"pivot":{"x":-13.875370025634766,"y":86.01301574707031,"z":72.34123992919922},"rotation":{"x":0.14484141767024995,"y":0.24338358640670777,"z":-0.036784037947654727,"w":0.95834881067276},"size":80.40380096435547,"orthographic":false}