{"cameraMode":{"drawMode":0,"name":"Shaded","section":"Shading Mode"},"sceneLighting":false,"audioPlay":false,"sceneViewState":{"showFog":true,"showMaterialUpdate":true,"showSkybox":true,"showFlares":true,"showImageEffects":true,"showParticleSystems":true},"in2DMode":false,"pivot":{"x":-20.383974075317384,"y":61.28330993652344,"z":304.0775146484375},"rotation":{"x":0.10320726782083512,"y":-0.23809032142162324,"z":0.025453152135014535,"w":0.965408444404602},"size":205.1531219482422,"orthographic":false}