{"cameraMode":{"drawMode":0,"name":"Shaded","section":"Shading Mode"},"sceneLighting":false,"audioPlay":false,"sceneViewState":{"showFog":true,"showMaterialUpdate":true,"showSkybox":true,"showFlares":true,"showImageEffects":true,"showParticleSystems":true},"in2DMode":false,"pivot":{"x":332.9496765136719,"y":269.6386413574219,"z":24.311920166015626},"rotation":{"x":-0.011985890567302704,"y":0.047978125512599948,"z":0.0005757650942541659,"w":0.9987763166427612},"size":457.0018005371094,"orthographic":false}